[
  {
    "name": "Application Start",
    "start": 1594272823674,
    "end": 1594272824359,
    "duration": 685,
    "pid": 1528,
    "index": 0
  },
  {
    "name": "Load Plugin",
    "start": 1594272823678,
    "end": 1594272823690,
    "duration": 12,
    "pid": 1528,
    "index": 1
  },
  {
    "name": "Load Config",
    "start": 1594272823690,
    "end": 1594272823710,
    "duration": 20,
    "pid": 1528,
    "index": 2
  },
  {
    "name": "Require(0) config/config.default.js",
    "start": 1594272823690,
    "end": 1594272823691,
    "duration": 1,
    "pid": 1528,
    "index": 3
  },
  {
    "name": "Require(1) node_modules/egg-session/config/config.default.js",
    "start": 1594272823692,
    "end": 1594272823692,
    "duration": 0,
    "pid": 1528,
    "index": 4
  },
  {
    "name": "Require(2) node_modules/egg-security/config/config.default.js",
    "start": 1594272823693,
    "end": 1594272823693,
    "duration": 0,
    "pid": 1528,
    "index": 5
  },
  {
    "name": "Require(3) node_modules/egg-jsonp/config/config.default.js",
    "start": 1594272823694,
    "end": 1594272823694,
    "duration": 0,
    "pid": 1528,
    "index": 6
  },
  {
    "name": "Require(4) node_modules/egg-onerror/config/config.default.js",
    "start": 1594272823695,
    "end": 1594272823695,
    "duration": 0,
    "pid": 1528,
    "index": 7
  },
  {
    "name": "Require(5) node_modules/egg-i18n/config/config.default.js",
    "start": 1594272823695,
    "end": 1594272823696,
    "duration": 1,
    "pid": 1528,
    "index": 8
  },
  {
    "name": "Require(6) node_modules/egg-watcher/config/config.default.js",
    "start": 1594272823697,
    "end": 1594272823697,
    "duration": 0,
    "pid": 1528,
    "index": 9
  },
  {
    "name": "Require(7) node_modules/egg-schedule/config/config.default.js",
    "start": 1594272823697,
    "end": 1594272823698,
    "duration": 1,
    "pid": 1528,
    "index": 10
  },
  {
    "name": "Require(8) node_modules/egg-multipart/config/config.default.js",
    "start": 1594272823698,
    "end": 1594272823699,
    "duration": 1,
    "pid": 1528,
    "index": 11
  },
  {
    "name": "Require(9) node_modules/egg-development/config/config.default.js",
    "start": 1594272823699,
    "end": 1594272823700,
    "duration": 1,
    "pid": 1528,
    "index": 12
  },
  {
    "name": "Require(10) node_modules/egg-logrotator/config/config.default.js",
    "start": 1594272823700,
    "end": 1594272823700,
    "duration": 0,
    "pid": 1528,
    "index": 13
  },
  {
    "name": "Require(11) node_modules/egg-static/config/config.default.js",
    "start": 1594272823701,
    "end": 1594272823701,
    "duration": 0,
    "pid": 1528,
    "index": 14
  },
  {
    "name": "Require(12) node_modules/egg-view/config/config.default.js",
    "start": 1594272823702,
    "end": 1594272823702,
    "duration": 0,
    "pid": 1528,
    "index": 15
  },
  {
    "name": "Require(13) node_modules/egg-view-nunjucks/config/config.default.js",
    "start": 1594272823702,
    "end": 1594272823703,
    "duration": 1,
    "pid": 1528,
    "index": 16
  },
  {
    "name": "Require(14) node_modules/egg-validate/config/config.default.js",
    "start": 1594272823703,
    "end": 1594272823704,
    "duration": 1,
    "pid": 1528,
    "index": 17
  },
  {
    "name": "Require(15) node_modules/egg-mongoose/config/config.default.js",
    "start": 1594272823704,
    "end": 1594272823704,
    "duration": 0,
    "pid": 1528,
    "index": 18
  },
  {
    "name": "Require(16) node_modules/egg/config/config.default.js",
    "start": 1594272823705,
    "end": 1594272823705,
    "duration": 0,
    "pid": 1528,
    "index": 19
  },
  {
    "name": "Require(17) config/config.default.js",
    "start": 1594272823706,
    "end": 1594272823706,
    "duration": 0,
    "pid": 1528,
    "index": 20
  },
  {
    "name": "Require(18) node_modules/egg-security/config/config.local.js",
    "start": 1594272823707,
    "end": 1594272823707,
    "duration": 0,
    "pid": 1528,
    "index": 21
  },
  {
    "name": "Require(19) node_modules/egg-watcher/config/config.local.js",
    "start": 1594272823708,
    "end": 1594272823708,
    "duration": 0,
    "pid": 1528,
    "index": 22
  },
  {
    "name": "Require(20) node_modules/egg-view/config/config.local.js",
    "start": 1594272823709,
    "end": 1594272823709,
    "duration": 0,
    "pid": 1528,
    "index": 23
  },
  {
    "name": "Require(21) node_modules/egg-view-nunjucks/config/config.local.js",
    "start": 1594272823709,
    "end": 1594272823710,
    "duration": 1,
    "pid": 1528,
    "index": 24
  },
  {
    "name": "Require(22) node_modules/egg/config/config.local.js",
    "start": 1594272823710,
    "end": 1594272823710,
    "duration": 0,
    "pid": 1528,
    "index": 25
  },
  {
    "name": "Load extend/application.js",
    "start": 1594272823711,
    "end": 1594272823741,
    "duration": 30,
    "pid": 1528,
    "index": 26
  },
  {
    "name": "Require(23) node_modules/egg-session/app/extend/application.js",
    "start": 1594272823712,
    "end": 1594272823712,
    "duration": 0,
    "pid": 1528,
    "index": 27
  },
  {
    "name": "Require(24) node_modules/egg-security/app/extend/application.js",
    "start": 1594272823712,
    "end": 1594272823713,
    "duration": 1,
    "pid": 1528,
    "index": 28
  },
  {
    "name": "Require(25) node_modules/egg-jsonp/app/extend/application.js",
    "start": 1594272823714,
    "end": 1594272823715,
    "duration": 1,
    "pid": 1528,
    "index": 29
  },
  {
    "name": "Require(26) node_modules/egg-logrotator/app/extend/application.js",
    "start": 1594272823716,
    "end": 1594272823717,
    "duration": 1,
    "pid": 1528,
    "index": 30
  },
  {
    "name": "Require(27) node_modules/egg-view/app/extend/application.js",
    "start": 1594272823717,
    "end": 1594272823718,
    "duration": 1,
    "pid": 1528,
    "index": 31
  },
  {
    "name": "Require(28) node_modules/egg-view-nunjucks/app/extend/application.js",
    "start": 1594272823718,
    "end": 1594272823739,
    "duration": 21,
    "pid": 1528,
    "index": 32
  },
  {
    "name": "Load extend/request.js",
    "start": 1594272823741,
    "end": 1594272823746,
    "duration": 5,
    "pid": 1528,
    "index": 33
  },
  {
    "name": "Require(29) node_modules/egg/app/extend/request.js",
    "start": 1594272823743,
    "end": 1594272823744,
    "duration": 1,
    "pid": 1528,
    "index": 34
  },
  {
    "name": "Load extend/response.js",
    "start": 1594272823746,
    "end": 1594272823751,
    "duration": 5,
    "pid": 1528,
    "index": 35
  },
  {
    "name": "Require(30) node_modules/egg/app/extend/response.js",
    "start": 1594272823748,
    "end": 1594272823749,
    "duration": 1,
    "pid": 1528,
    "index": 36
  },
  {
    "name": "Load extend/context.js",
    "start": 1594272823751,
    "end": 1594272823833,
    "duration": 82,
    "pid": 1528,
    "index": 37
  },
  {
    "name": "Require(31) node_modules/egg-security/app/extend/context.js",
    "start": 1594272823751,
    "end": 1594272823758,
    "duration": 7,
    "pid": 1528,
    "index": 38
  },
  {
    "name": "Require(32) node_modules/egg-jsonp/app/extend/context.js",
    "start": 1594272823758,
    "end": 1594272823759,
    "duration": 1,
    "pid": 1528,
    "index": 39
  },
  {
    "name": "Require(33) node_modules/egg-i18n/app/extend/context.js",
    "start": 1594272823759,
    "end": 1594272823760,
    "duration": 1,
    "pid": 1528,
    "index": 40
  },
  {
    "name": "Require(34) node_modules/egg-multipart/app/extend/context.js",
    "start": 1594272823760,
    "end": 1594272823797,
    "duration": 37,
    "pid": 1528,
    "index": 41
  },
  {
    "name": "Require(35) node_modules/egg-view/app/extend/context.js",
    "start": 1594272823798,
    "end": 1594272823798,
    "duration": 0,
    "pid": 1528,
    "index": 42
  },
  {
    "name": "Require(36) node_modules/egg-validate/app/extend/context.js",
    "start": 1594272823799,
    "end": 1594272823799,
    "duration": 0,
    "pid": 1528,
    "index": 43
  },
  {
    "name": "Require(37) node_modules/egg-mongoose/app/extend/context.js",
    "start": 1594272823799,
    "end": 1594272823800,
    "duration": 1,
    "pid": 1528,
    "index": 44
  },
  {
    "name": "Require(38) node_modules/egg/app/extend/context.js",
    "start": 1594272823800,
    "end": 1594272823801,
    "duration": 1,
    "pid": 1528,
    "index": 45
  },
  {
    "name": "Require(39) app/extend/context.js",
    "start": 1594272823802,
    "end": 1594272823831,
    "duration": 29,
    "pid": 1528,
    "index": 46
  },
  {
    "name": "Load extend/helper.js",
    "start": 1594272823833,
    "end": 1594272823851,
    "duration": 18,
    "pid": 1528,
    "index": 47
  },
  {
    "name": "Require(40) node_modules/egg-security/app/extend/helper.js",
    "start": 1594272823833,
    "end": 1594272823846,
    "duration": 13,
    "pid": 1528,
    "index": 48
  },
  {
    "name": "Require(41) node_modules/egg/app/extend/helper.js",
    "start": 1594272823848,
    "end": 1594272823848,
    "duration": 0,
    "pid": 1528,
    "index": 49
  },
  {
    "name": "Require(42) app/extend/helper.js",
    "start": 1594272823848,
    "end": 1594272823849,
    "duration": 1,
    "pid": 1528,
    "index": 50
  },
  {
    "name": "Load app.js",
    "start": 1594272823851,
    "end": 1594272823882,
    "duration": 31,
    "pid": 1528,
    "index": 51
  },
  {
    "name": "Require(43) node_modules/egg-session/app.js",
    "start": 1594272823851,
    "end": 1594272823851,
    "duration": 0,
    "pid": 1528,
    "index": 52
  },
  {
    "name": "Require(44) node_modules/egg-security/app.js",
    "start": 1594272823852,
    "end": 1594272823853,
    "duration": 1,
    "pid": 1528,
    "index": 53
  },
  {
    "name": "Require(45) node_modules/egg-onerror/app.js",
    "start": 1594272823853,
    "end": 1594272823860,
    "duration": 7,
    "pid": 1528,
    "index": 54
  },
  {
    "name": "Require(46) node_modules/egg-i18n/app.js",
    "start": 1594272823860,
    "end": 1594272823872,
    "duration": 12,
    "pid": 1528,
    "index": 55
  },
  {
    "name": "Require(47) node_modules/egg-watcher/app.js",
    "start": 1594272823873,
    "end": 1594272823875,
    "duration": 2,
    "pid": 1528,
    "index": 56
  },
  {
    "name": "Require(48) node_modules/egg-schedule/app.js",
    "start": 1594272823875,
    "end": 1594272823876,
    "duration": 1,
    "pid": 1528,
    "index": 57
  },
  {
    "name": "Require(49) node_modules/egg-multipart/app.js",
    "start": 1594272823877,
    "end": 1594272823877,
    "duration": 0,
    "pid": 1528,
    "index": 58
  },
  {
    "name": "Require(50) node_modules/egg-development/app.js",
    "start": 1594272823877,
    "end": 1594272823878,
    "duration": 1,
    "pid": 1528,
    "index": 59
  },
  {
    "name": "Require(51) node_modules/egg-logrotator/app.js",
    "start": 1594272823878,
    "end": 1594272823878,
    "duration": 0,
    "pid": 1528,
    "index": 60
  },
  {
    "name": "Require(52) node_modules/egg-static/app.js",
    "start": 1594272823878,
    "end": 1594272823879,
    "duration": 1,
    "pid": 1528,
    "index": 61
  },
  {
    "name": "Require(53) node_modules/egg-view-nunjucks/app.js",
    "start": 1594272823879,
    "end": 1594272823879,
    "duration": 0,
    "pid": 1528,
    "index": 62
  },
  {
    "name": "Require(54) node_modules/egg-validate/app.js",
    "start": 1594272823879,
    "end": 1594272823881,
    "duration": 2,
    "pid": 1528,
    "index": 63
  },
  {
    "name": "Require(55) node_modules/egg-mongoose/app.js",
    "start": 1594272823881,
    "end": 1594272823881,
    "duration": 0,
    "pid": 1528,
    "index": 64
  },
  {
    "name": "Before Start in node_modules/egg-watcher/lib/init.js:15:14",
    "start": 1594272823891,
    "end": 1594272824358,
    "duration": 467,
    "pid": 1528,
    "index": 65
  },
  {
    "name": "Before Start in node_modules/egg-mongoose/lib/mongoose.js:91:7",
    "start": 1594272824232,
    "end": 1594272824354,
    "duration": 122,
    "pid": 1528,
    "index": 66
  },
  {
    "name": "Before Start in node_modules/egg-mongoose/lib/mongoose.js:49:9",
    "start": 1594272824232,
    "end": 1594272824334,
    "duration": 102,
    "pid": 1528,
    "index": 67
  },
  {
    "name": "Load Service",
    "start": 1594272824233,
    "end": 1594272824240,
    "duration": 7,
    "pid": 1528,
    "index": 68
  },
  {
    "name": "Load \"service\" to Context",
    "start": 1594272824233,
    "end": 1594272824240,
    "duration": 7,
    "pid": 1528,
    "index": 69
  },
  {
    "name": "Load Middleware",
    "start": 1594272824240,
    "end": 1594272824299,
    "duration": 59,
    "pid": 1528,
    "index": 70
  },
  {
    "name": "Load \"middlewares\" to Application",
    "start": 1594272824240,
    "end": 1594272824293,
    "duration": 53,
    "pid": 1528,
    "index": 71
  },
  {
    "name": "Load Controller",
    "start": 1594272824299,
    "end": 1594272824302,
    "duration": 3,
    "pid": 1528,
    "index": 72
  },
  {
    "name": "Load \"controller\" to Application",
    "start": 1594272824299,
    "end": 1594272824302,
    "duration": 3,
    "pid": 1528,
    "index": 73
  },
  {
    "name": "Load Router",
    "start": 1594272824303,
    "end": 1594272824306,
    "duration": 3,
    "pid": 1528,
    "index": 74
  },
  {
    "name": "Require(56) app/router.js",
    "start": 1594272824303,
    "end": 1594272824303,
    "duration": 0,
    "pid": 1528,
    "index": 75
  },
  {
    "name": "Before Start in node_modules/egg-core/lib/egg.js:303:10",
    "start": 1594272824303,
    "end": 1594272824334,
    "duration": 31,
    "pid": 1528,
    "index": 76
  },
  {
    "name": "Load \"model\" to Application",
    "start": 1594272824319,
    "end": 1594272824333,
    "duration": 14,
    "pid": 1528,
    "index": 77
  }
]