[
  {
    "name": "Application Start",
    "start": 1594272825205,
    "end": 1594272825859,
    "duration": 654,
    "pid": 9476,
    "index": 0
  },
  {
    "name": "Load Plugin",
    "start": 1594272825208,
    "end": 1594272825220,
    "duration": 12,
    "pid": 9476,
    "index": 1
  },
  {
    "name": "Load Config",
    "start": 1594272825220,
    "end": 1594272825239,
    "duration": 19,
    "pid": 9476,
    "index": 2
  },
  {
    "name": "Require(0) config/config.default.js",
    "start": 1594272825221,
    "end": 1594272825221,
    "duration": 0,
    "pid": 9476,
    "index": 3
  },
  {
    "name": "Require(1) node_modules/egg-session/config/config.default.js",
    "start": 1594272825223,
    "end": 1594272825223,
    "duration": 0,
    "pid": 9476,
    "index": 4
  },
  {
    "name": "Require(2) node_modules/egg-security/config/config.default.js",
    "start": 1594272825223,
    "end": 1594272825224,
    "duration": 1,
    "pid": 9476,
    "index": 5
  },
  {
    "name": "Require(3) node_modules/egg-jsonp/config/config.default.js",
    "start": 1594272825225,
    "end": 1594272825225,
    "duration": 0,
    "pid": 9476,
    "index": 6
  },
  {
    "name": "Require(4) node_modules/egg-onerror/config/config.default.js",
    "start": 1594272825225,
    "end": 1594272825226,
    "duration": 1,
    "pid": 9476,
    "index": 7
  },
  {
    "name": "Require(5) node_modules/egg-i18n/config/config.default.js",
    "start": 1594272825226,
    "end": 1594272825226,
    "duration": 0,
    "pid": 9476,
    "index": 8
  },
  {
    "name": "Require(6) node_modules/egg-watcher/config/config.default.js",
    "start": 1594272825227,
    "end": 1594272825227,
    "duration": 0,
    "pid": 9476,
    "index": 9
  },
  {
    "name": "Require(7) node_modules/egg-schedule/config/config.default.js",
    "start": 1594272825227,
    "end": 1594272825228,
    "duration": 1,
    "pid": 9476,
    "index": 10
  },
  {
    "name": "Require(8) node_modules/egg-multipart/config/config.default.js",
    "start": 1594272825228,
    "end": 1594272825229,
    "duration": 1,
    "pid": 9476,
    "index": 11
  },
  {
    "name": "Require(9) node_modules/egg-development/config/config.default.js",
    "start": 1594272825229,
    "end": 1594272825229,
    "duration": 0,
    "pid": 9476,
    "index": 12
  },
  {
    "name": "Require(10) node_modules/egg-logrotator/config/config.default.js",
    "start": 1594272825230,
    "end": 1594272825230,
    "duration": 0,
    "pid": 9476,
    "index": 13
  },
  {
    "name": "Require(11) node_modules/egg-static/config/config.default.js",
    "start": 1594272825230,
    "end": 1594272825231,
    "duration": 1,
    "pid": 9476,
    "index": 14
  },
  {
    "name": "Require(12) node_modules/egg-view/config/config.default.js",
    "start": 1594272825231,
    "end": 1594272825231,
    "duration": 0,
    "pid": 9476,
    "index": 15
  },
  {
    "name": "Require(13) node_modules/egg-view-nunjucks/config/config.default.js",
    "start": 1594272825232,
    "end": 1594272825232,
    "duration": 0,
    "pid": 9476,
    "index": 16
  },
  {
    "name": "Require(14) node_modules/egg-validate/config/config.default.js",
    "start": 1594272825232,
    "end": 1594272825233,
    "duration": 1,
    "pid": 9476,
    "index": 17
  },
  {
    "name": "Require(15) node_modules/egg-mongoose/config/config.default.js",
    "start": 1594272825233,
    "end": 1594272825233,
    "duration": 0,
    "pid": 9476,
    "index": 18
  },
  {
    "name": "Require(16) node_modules/egg/config/config.default.js",
    "start": 1594272825234,
    "end": 1594272825234,
    "duration": 0,
    "pid": 9476,
    "index": 19
  },
  {
    "name": "Require(17) config/config.default.js",
    "start": 1594272825235,
    "end": 1594272825235,
    "duration": 0,
    "pid": 9476,
    "index": 20
  },
  {
    "name": "Require(18) node_modules/egg-security/config/config.local.js",
    "start": 1594272825236,
    "end": 1594272825236,
    "duration": 0,
    "pid": 9476,
    "index": 21
  },
  {
    "name": "Require(19) node_modules/egg-watcher/config/config.local.js",
    "start": 1594272825237,
    "end": 1594272825237,
    "duration": 0,
    "pid": 9476,
    "index": 22
  },
  {
    "name": "Require(20) node_modules/egg-view/config/config.local.js",
    "start": 1594272825238,
    "end": 1594272825238,
    "duration": 0,
    "pid": 9476,
    "index": 23
  },
  {
    "name": "Require(21) node_modules/egg-view-nunjucks/config/config.local.js",
    "start": 1594272825238,
    "end": 1594272825238,
    "duration": 0,
    "pid": 9476,
    "index": 24
  },
  {
    "name": "Require(22) node_modules/egg/config/config.local.js",
    "start": 1594272825239,
    "end": 1594272825239,
    "duration": 0,
    "pid": 9476,
    "index": 25
  },
  {
    "name": "Load extend/application.js",
    "start": 1594272825240,
    "end": 1594272825270,
    "duration": 30,
    "pid": 9476,
    "index": 26
  },
  {
    "name": "Require(23) node_modules/egg-session/app/extend/application.js",
    "start": 1594272825241,
    "end": 1594272825241,
    "duration": 0,
    "pid": 9476,
    "index": 27
  },
  {
    "name": "Require(24) node_modules/egg-security/app/extend/application.js",
    "start": 1594272825241,
    "end": 1594272825242,
    "duration": 1,
    "pid": 9476,
    "index": 28
  },
  {
    "name": "Require(25) node_modules/egg-jsonp/app/extend/application.js",
    "start": 1594272825242,
    "end": 1594272825244,
    "duration": 2,
    "pid": 9476,
    "index": 29
  },
  {
    "name": "Require(26) node_modules/egg-logrotator/app/extend/application.js",
    "start": 1594272825245,
    "end": 1594272825246,
    "duration": 1,
    "pid": 9476,
    "index": 30
  },
  {
    "name": "Require(27) node_modules/egg-view/app/extend/application.js",
    "start": 1594272825246,
    "end": 1594272825247,
    "duration": 1,
    "pid": 9476,
    "index": 31
  },
  {
    "name": "Require(28) node_modules/egg-view-nunjucks/app/extend/application.js",
    "start": 1594272825247,
    "end": 1594272825267,
    "duration": 20,
    "pid": 9476,
    "index": 32
  },
  {
    "name": "Load extend/request.js",
    "start": 1594272825270,
    "end": 1594272825275,
    "duration": 5,
    "pid": 9476,
    "index": 33
  },
  {
    "name": "Require(29) node_modules/egg/app/extend/request.js",
    "start": 1594272825272,
    "end": 1594272825273,
    "duration": 1,
    "pid": 9476,
    "index": 34
  },
  {
    "name": "Load extend/response.js",
    "start": 1594272825275,
    "end": 1594272825279,
    "duration": 4,
    "pid": 9476,
    "index": 35
  },
  {
    "name": "Require(30) node_modules/egg/app/extend/response.js",
    "start": 1594272825277,
    "end": 1594272825278,
    "duration": 1,
    "pid": 9476,
    "index": 36
  },
  {
    "name": "Load extend/context.js",
    "start": 1594272825279,
    "end": 1594272825362,
    "duration": 83,
    "pid": 9476,
    "index": 37
  },
  {
    "name": "Require(31) node_modules/egg-security/app/extend/context.js",
    "start": 1594272825280,
    "end": 1594272825286,
    "duration": 6,
    "pid": 9476,
    "index": 38
  },
  {
    "name": "Require(32) node_modules/egg-jsonp/app/extend/context.js",
    "start": 1594272825286,
    "end": 1594272825287,
    "duration": 1,
    "pid": 9476,
    "index": 39
  },
  {
    "name": "Require(33) node_modules/egg-i18n/app/extend/context.js",
    "start": 1594272825288,
    "end": 1594272825288,
    "duration": 0,
    "pid": 9476,
    "index": 40
  },
  {
    "name": "Require(34) node_modules/egg-multipart/app/extend/context.js",
    "start": 1594272825289,
    "end": 1594272825326,
    "duration": 37,
    "pid": 9476,
    "index": 41
  },
  {
    "name": "Require(35) node_modules/egg-view/app/extend/context.js",
    "start": 1594272825326,
    "end": 1594272825327,
    "duration": 1,
    "pid": 9476,
    "index": 42
  },
  {
    "name": "Require(36) node_modules/egg-validate/app/extend/context.js",
    "start": 1594272825328,
    "end": 1594272825328,
    "duration": 0,
    "pid": 9476,
    "index": 43
  },
  {
    "name": "Require(37) node_modules/egg-mongoose/app/extend/context.js",
    "start": 1594272825328,
    "end": 1594272825329,
    "duration": 1,
    "pid": 9476,
    "index": 44
  },
  {
    "name": "Require(38) node_modules/egg/app/extend/context.js",
    "start": 1594272825329,
    "end": 1594272825330,
    "duration": 1,
    "pid": 9476,
    "index": 45
  },
  {
    "name": "Require(39) app/extend/context.js",
    "start": 1594272825330,
    "end": 1594272825360,
    "duration": 30,
    "pid": 9476,
    "index": 46
  },
  {
    "name": "Load extend/helper.js",
    "start": 1594272825362,
    "end": 1594272825379,
    "duration": 17,
    "pid": 9476,
    "index": 47
  },
  {
    "name": "Require(40) node_modules/egg-security/app/extend/helper.js",
    "start": 1594272825363,
    "end": 1594272825375,
    "duration": 12,
    "pid": 9476,
    "index": 48
  },
  {
    "name": "Require(41) node_modules/egg/app/extend/helper.js",
    "start": 1594272825377,
    "end": 1594272825377,
    "duration": 0,
    "pid": 9476,
    "index": 49
  },
  {
    "name": "Require(42) app/extend/helper.js",
    "start": 1594272825377,
    "end": 1594272825377,
    "duration": 0,
    "pid": 9476,
    "index": 50
  },
  {
    "name": "Load app.js",
    "start": 1594272825380,
    "end": 1594272825408,
    "duration": 28,
    "pid": 9476,
    "index": 51
  },
  {
    "name": "Require(43) node_modules/egg-session/app.js",
    "start": 1594272825380,
    "end": 1594272825380,
    "duration": 0,
    "pid": 9476,
    "index": 52
  },
  {
    "name": "Require(44) node_modules/egg-security/app.js",
    "start": 1594272825380,
    "end": 1594272825381,
    "duration": 1,
    "pid": 9476,
    "index": 53
  },
  {
    "name": "Require(45) node_modules/egg-onerror/app.js",
    "start": 1594272825382,
    "end": 1594272825388,
    "duration": 6,
    "pid": 9476,
    "index": 54
  },
  {
    "name": "Require(46) node_modules/egg-i18n/app.js",
    "start": 1594272825388,
    "end": 1594272825399,
    "duration": 11,
    "pid": 9476,
    "index": 55
  },
  {
    "name": "Require(47) node_modules/egg-watcher/app.js",
    "start": 1594272825399,
    "end": 1594272825401,
    "duration": 2,
    "pid": 9476,
    "index": 56
  },
  {
    "name": "Require(48) node_modules/egg-schedule/app.js",
    "start": 1594272825402,
    "end": 1594272825403,
    "duration": 1,
    "pid": 9476,
    "index": 57
  },
  {
    "name": "Require(49) node_modules/egg-multipart/app.js",
    "start": 1594272825403,
    "end": 1594272825403,
    "duration": 0,
    "pid": 9476,
    "index": 58
  },
  {
    "name": "Require(50) node_modules/egg-development/app.js",
    "start": 1594272825404,
    "end": 1594272825404,
    "duration": 0,
    "pid": 9476,
    "index": 59
  },
  {
    "name": "Require(51) node_modules/egg-logrotator/app.js",
    "start": 1594272825404,
    "end": 1594272825404,
    "duration": 0,
    "pid": 9476,
    "index": 60
  },
  {
    "name": "Require(52) node_modules/egg-static/app.js",
    "start": 1594272825404,
    "end": 1594272825405,
    "duration": 1,
    "pid": 9476,
    "index": 61
  },
  {
    "name": "Require(53) node_modules/egg-view-nunjucks/app.js",
    "start": 1594272825405,
    "end": 1594272825405,
    "duration": 0,
    "pid": 9476,
    "index": 62
  },
  {
    "name": "Require(54) node_modules/egg-validate/app.js",
    "start": 1594272825405,
    "end": 1594272825407,
    "duration": 2,
    "pid": 9476,
    "index": 63
  },
  {
    "name": "Require(55) node_modules/egg-mongoose/app.js",
    "start": 1594272825407,
    "end": 1594272825407,
    "duration": 0,
    "pid": 9476,
    "index": 64
  },
  {
    "name": "Before Start in node_modules/egg-watcher/lib/init.js:15:14",
    "start": 1594272825416,
    "end": 1594272825858,
    "duration": 442,
    "pid": 9476,
    "index": 65
  },
  {
    "name": "Before Start in node_modules/egg-mongoose/lib/mongoose.js:91:7",
    "start": 1594272825734,
    "end": 1594272825854,
    "duration": 120,
    "pid": 9476,
    "index": 66
  },
  {
    "name": "Before Start in node_modules/egg-mongoose/lib/mongoose.js:49:9",
    "start": 1594272825735,
    "end": 1594272825835,
    "duration": 100,
    "pid": 9476,
    "index": 67
  },
  {
    "name": "Load Service",
    "start": 1594272825735,
    "end": 1594272825742,
    "duration": 7,
    "pid": 9476,
    "index": 68
  },
  {
    "name": "Load \"service\" to Context",
    "start": 1594272825735,
    "end": 1594272825742,
    "duration": 7,
    "pid": 9476,
    "index": 69
  },
  {
    "name": "Load Middleware",
    "start": 1594272825742,
    "end": 1594272825801,
    "duration": 59,
    "pid": 9476,
    "index": 70
  },
  {
    "name": "Load \"middlewares\" to Application",
    "start": 1594272825743,
    "end": 1594272825794,
    "duration": 51,
    "pid": 9476,
    "index": 71
  },
  {
    "name": "Load Controller",
    "start": 1594272825801,
    "end": 1594272825804,
    "duration": 3,
    "pid": 9476,
    "index": 72
  },
  {
    "name": "Load \"controller\" to Application",
    "start": 1594272825801,
    "end": 1594272825804,
    "duration": 3,
    "pid": 9476,
    "index": 73
  },
  {
    "name": "Load Router",
    "start": 1594272825804,
    "end": 1594272825807,
    "duration": 3,
    "pid": 9476,
    "index": 74
  },
  {
    "name": "Require(56) app/router.js",
    "start": 1594272825804,
    "end": 1594272825804,
    "duration": 0,
    "pid": 9476,
    "index": 75
  },
  {
    "name": "Before Start in node_modules/egg-core/lib/egg.js:303:10",
    "start": 1594272825805,
    "end": 1594272825835,
    "duration": 30,
    "pid": 9476,
    "index": 76
  },
  {
    "name": "Load \"model\" to Application",
    "start": 1594272825820,
    "end": 1594272825835,
    "duration": 15,
    "pid": 9476,
    "index": 77
  }
]