[
  {
    "name": "Application Start",
    "start": 1594265777064,
    "end": 1594265777721,
    "duration": 657,
    "pid": 8548,
    "index": 0
  },
  {
    "name": "Load Plugin",
    "start": 1594265777068,
    "end": 1594265777079,
    "duration": 11,
    "pid": 8548,
    "index": 1
  },
  {
    "name": "Load Config",
    "start": 1594265777079,
    "end": 1594265777099,
    "duration": 20,
    "pid": 8548,
    "index": 2
  },
  {
    "name": "Require(0) config/config.default.js",
    "start": 1594265777080,
    "end": 1594265777080,
    "duration": 0,
    "pid": 8548,
    "index": 3
  },
  {
    "name": "Require(1) node_modules/egg-session/config/config.default.js",
    "start": 1594265777081,
    "end": 1594265777082,
    "duration": 1,
    "pid": 8548,
    "index": 4
  },
  {
    "name": "Require(2) node_modules/egg-security/config/config.default.js",
    "start": 1594265777082,
    "end": 1594265777082,
    "duration": 0,
    "pid": 8548,
    "index": 5
  },
  {
    "name": "Require(3) node_modules/egg-jsonp/config/config.default.js",
    "start": 1594265777083,
    "end": 1594265777084,
    "duration": 1,
    "pid": 8548,
    "index": 6
  },
  {
    "name": "Require(4) node_modules/egg-onerror/config/config.default.js",
    "start": 1594265777084,
    "end": 1594265777084,
    "duration": 0,
    "pid": 8548,
    "index": 7
  },
  {
    "name": "Require(5) node_modules/egg-i18n/config/config.default.js",
    "start": 1594265777085,
    "end": 1594265777085,
    "duration": 0,
    "pid": 8548,
    "index": 8
  },
  {
    "name": "Require(6) node_modules/egg-watcher/config/config.default.js",
    "start": 1594265777086,
    "end": 1594265777086,
    "duration": 0,
    "pid": 8548,
    "index": 9
  },
  {
    "name": "Require(7) node_modules/egg-schedule/config/config.default.js",
    "start": 1594265777086,
    "end": 1594265777087,
    "duration": 1,
    "pid": 8548,
    "index": 10
  },
  {
    "name": "Require(8) node_modules/egg-multipart/config/config.default.js",
    "start": 1594265777087,
    "end": 1594265777087,
    "duration": 0,
    "pid": 8548,
    "index": 11
  },
  {
    "name": "Require(9) node_modules/egg-development/config/config.default.js",
    "start": 1594265777088,
    "end": 1594265777088,
    "duration": 0,
    "pid": 8548,
    "index": 12
  },
  {
    "name": "Require(10) node_modules/egg-logrotator/config/config.default.js",
    "start": 1594265777088,
    "end": 1594265777089,
    "duration": 1,
    "pid": 8548,
    "index": 13
  },
  {
    "name": "Require(11) node_modules/egg-static/config/config.default.js",
    "start": 1594265777089,
    "end": 1594265777090,
    "duration": 1,
    "pid": 8548,
    "index": 14
  },
  {
    "name": "Require(12) node_modules/egg-view/config/config.default.js",
    "start": 1594265777090,
    "end": 1594265777090,
    "duration": 0,
    "pid": 8548,
    "index": 15
  },
  {
    "name": "Require(13) node_modules/egg-view-nunjucks/config/config.default.js",
    "start": 1594265777091,
    "end": 1594265777091,
    "duration": 0,
    "pid": 8548,
    "index": 16
  },
  {
    "name": "Require(14) node_modules/egg-validate/config/config.default.js",
    "start": 1594265777091,
    "end": 1594265777092,
    "duration": 1,
    "pid": 8548,
    "index": 17
  },
  {
    "name": "Require(15) node_modules/egg-mongoose/config/config.default.js",
    "start": 1594265777092,
    "end": 1594265777092,
    "duration": 0,
    "pid": 8548,
    "index": 18
  },
  {
    "name": "Require(16) node_modules/egg/config/config.default.js",
    "start": 1594265777093,
    "end": 1594265777093,
    "duration": 0,
    "pid": 8548,
    "index": 19
  },
  {
    "name": "Require(17) config/config.default.js",
    "start": 1594265777095,
    "end": 1594265777095,
    "duration": 0,
    "pid": 8548,
    "index": 20
  },
  {
    "name": "Require(18) node_modules/egg-security/config/config.local.js",
    "start": 1594265777095,
    "end": 1594265777095,
    "duration": 0,
    "pid": 8548,
    "index": 21
  },
  {
    "name": "Require(19) node_modules/egg-watcher/config/config.local.js",
    "start": 1594265777096,
    "end": 1594265777096,
    "duration": 0,
    "pid": 8548,
    "index": 22
  },
  {
    "name": "Require(20) node_modules/egg-view/config/config.local.js",
    "start": 1594265777097,
    "end": 1594265777097,
    "duration": 0,
    "pid": 8548,
    "index": 23
  },
  {
    "name": "Require(21) node_modules/egg-view-nunjucks/config/config.local.js",
    "start": 1594265777097,
    "end": 1594265777098,
    "duration": 1,
    "pid": 8548,
    "index": 24
  },
  {
    "name": "Require(22) node_modules/egg/config/config.local.js",
    "start": 1594265777098,
    "end": 1594265777098,
    "duration": 0,
    "pid": 8548,
    "index": 25
  },
  {
    "name": "Load extend/application.js",
    "start": 1594265777100,
    "end": 1594265777129,
    "duration": 29,
    "pid": 8548,
    "index": 26
  },
  {
    "name": "Require(23) node_modules/egg-session/app/extend/application.js",
    "start": 1594265777100,
    "end": 1594265777100,
    "duration": 0,
    "pid": 8548,
    "index": 27
  },
  {
    "name": "Require(24) node_modules/egg-security/app/extend/application.js",
    "start": 1594265777101,
    "end": 1594265777101,
    "duration": 0,
    "pid": 8548,
    "index": 28
  },
  {
    "name": "Require(25) node_modules/egg-jsonp/app/extend/application.js",
    "start": 1594265777102,
    "end": 1594265777103,
    "duration": 1,
    "pid": 8548,
    "index": 29
  },
  {
    "name": "Require(26) node_modules/egg-logrotator/app/extend/application.js",
    "start": 1594265777104,
    "end": 1594265777105,
    "duration": 1,
    "pid": 8548,
    "index": 30
  },
  {
    "name": "Require(27) node_modules/egg-view/app/extend/application.js",
    "start": 1594265777106,
    "end": 1594265777106,
    "duration": 0,
    "pid": 8548,
    "index": 31
  },
  {
    "name": "Require(28) node_modules/egg-view-nunjucks/app/extend/application.js",
    "start": 1594265777107,
    "end": 1594265777127,
    "duration": 20,
    "pid": 8548,
    "index": 32
  },
  {
    "name": "Load extend/request.js",
    "start": 1594265777129,
    "end": 1594265777134,
    "duration": 5,
    "pid": 8548,
    "index": 33
  },
  {
    "name": "Require(29) node_modules/egg/app/extend/request.js",
    "start": 1594265777131,
    "end": 1594265777132,
    "duration": 1,
    "pid": 8548,
    "index": 34
  },
  {
    "name": "Load extend/response.js",
    "start": 1594265777134,
    "end": 1594265777138,
    "duration": 4,
    "pid": 8548,
    "index": 35
  },
  {
    "name": "Require(30) node_modules/egg/app/extend/response.js",
    "start": 1594265777136,
    "end": 1594265777137,
    "duration": 1,
    "pid": 8548,
    "index": 36
  },
  {
    "name": "Load extend/context.js",
    "start": 1594265777139,
    "end": 1594265777220,
    "duration": 81,
    "pid": 8548,
    "index": 37
  },
  {
    "name": "Require(31) node_modules/egg-security/app/extend/context.js",
    "start": 1594265777139,
    "end": 1594265777145,
    "duration": 6,
    "pid": 8548,
    "index": 38
  },
  {
    "name": "Require(32) node_modules/egg-jsonp/app/extend/context.js",
    "start": 1594265777145,
    "end": 1594265777146,
    "duration": 1,
    "pid": 8548,
    "index": 39
  },
  {
    "name": "Require(33) node_modules/egg-i18n/app/extend/context.js",
    "start": 1594265777147,
    "end": 1594265777147,
    "duration": 0,
    "pid": 8548,
    "index": 40
  },
  {
    "name": "Require(34) node_modules/egg-multipart/app/extend/context.js",
    "start": 1594265777148,
    "end": 1594265777184,
    "duration": 36,
    "pid": 8548,
    "index": 41
  },
  {
    "name": "Require(35) node_modules/egg-view/app/extend/context.js",
    "start": 1594265777185,
    "end": 1594265777186,
    "duration": 1,
    "pid": 8548,
    "index": 42
  },
  {
    "name": "Require(36) node_modules/egg-validate/app/extend/context.js",
    "start": 1594265777186,
    "end": 1594265777186,
    "duration": 0,
    "pid": 8548,
    "index": 43
  },
  {
    "name": "Require(37) node_modules/egg-mongoose/app/extend/context.js",
    "start": 1594265777187,
    "end": 1594265777188,
    "duration": 1,
    "pid": 8548,
    "index": 44
  },
  {
    "name": "Require(38) node_modules/egg/app/extend/context.js",
    "start": 1594265777188,
    "end": 1594265777188,
    "duration": 0,
    "pid": 8548,
    "index": 45
  },
  {
    "name": "Require(39) app/extend/context.js",
    "start": 1594265777189,
    "end": 1594265777219,
    "duration": 30,
    "pid": 8548,
    "index": 46
  },
  {
    "name": "Load extend/helper.js",
    "start": 1594265777220,
    "end": 1594265777237,
    "duration": 17,
    "pid": 8548,
    "index": 47
  },
  {
    "name": "Require(40) node_modules/egg-security/app/extend/helper.js",
    "start": 1594265777221,
    "end": 1594265777233,
    "duration": 12,
    "pid": 8548,
    "index": 48
  },
  {
    "name": "Require(41) node_modules/egg/app/extend/helper.js",
    "start": 1594265777234,
    "end": 1594265777234,
    "duration": 0,
    "pid": 8548,
    "index": 49
  },
  {
    "name": "Require(42) app/extend/helper.js",
    "start": 1594265777235,
    "end": 1594265777235,
    "duration": 0,
    "pid": 8548,
    "index": 50
  },
  {
    "name": "Load app.js",
    "start": 1594265777237,
    "end": 1594265777265,
    "duration": 28,
    "pid": 8548,
    "index": 51
  },
  {
    "name": "Require(43) node_modules/egg-session/app.js",
    "start": 1594265777237,
    "end": 1594265777237,
    "duration": 0,
    "pid": 8548,
    "index": 52
  },
  {
    "name": "Require(44) node_modules/egg-security/app.js",
    "start": 1594265777238,
    "end": 1594265777238,
    "duration": 0,
    "pid": 8548,
    "index": 53
  },
  {
    "name": "Require(45) node_modules/egg-onerror/app.js",
    "start": 1594265777239,
    "end": 1594265777244,
    "duration": 5,
    "pid": 8548,
    "index": 54
  },
  {
    "name": "Require(46) node_modules/egg-i18n/app.js",
    "start": 1594265777245,
    "end": 1594265777256,
    "duration": 11,
    "pid": 8548,
    "index": 55
  },
  {
    "name": "Require(47) node_modules/egg-watcher/app.js",
    "start": 1594265777256,
    "end": 1594265777259,
    "duration": 3,
    "pid": 8548,
    "index": 56
  },
  {
    "name": "Require(48) node_modules/egg-schedule/app.js",
    "start": 1594265777259,
    "end": 1594265777260,
    "duration": 1,
    "pid": 8548,
    "index": 57
  },
  {
    "name": "Require(49) node_modules/egg-multipart/app.js",
    "start": 1594265777260,
    "end": 1594265777261,
    "duration": 1,
    "pid": 8548,
    "index": 58
  },
  {
    "name": "Require(50) node_modules/egg-development/app.js",
    "start": 1594265777261,
    "end": 1594265777261,
    "duration": 0,
    "pid": 8548,
    "index": 59
  },
  {
    "name": "Require(51) node_modules/egg-logrotator/app.js",
    "start": 1594265777261,
    "end": 1594265777261,
    "duration": 0,
    "pid": 8548,
    "index": 60
  },
  {
    "name": "Require(52) node_modules/egg-static/app.js",
    "start": 1594265777262,
    "end": 1594265777262,
    "duration": 0,
    "pid": 8548,
    "index": 61
  },
  {
    "name": "Require(53) node_modules/egg-view-nunjucks/app.js",
    "start": 1594265777262,
    "end": 1594265777263,
    "duration": 1,
    "pid": 8548,
    "index": 62
  },
  {
    "name": "Require(54) node_modules/egg-validate/app.js",
    "start": 1594265777263,
    "end": 1594265777264,
    "duration": 1,
    "pid": 8548,
    "index": 63
  },
  {
    "name": "Require(55) node_modules/egg-mongoose/app.js",
    "start": 1594265777264,
    "end": 1594265777264,
    "duration": 0,
    "pid": 8548,
    "index": 64
  },
  {
    "name": "Before Start in node_modules/egg-watcher/lib/init.js:15:14",
    "start": 1594265777274,
    "end": 1594265777720,
    "duration": 446,
    "pid": 8548,
    "index": 65
  },
  {
    "name": "Before Start in node_modules/egg-mongoose/lib/mongoose.js:91:7",
    "start": 1594265777594,
    "end": 1594265777715,
    "duration": 121,
    "pid": 8548,
    "index": 66
  },
  {
    "name": "Before Start in node_modules/egg-mongoose/lib/mongoose.js:49:9",
    "start": 1594265777594,
    "end": 1594265777696,
    "duration": 102,
    "pid": 8548,
    "index": 67
  },
  {
    "name": "Load Service",
    "start": 1594265777595,
    "end": 1594265777602,
    "duration": 7,
    "pid": 8548,
    "index": 68
  },
  {
    "name": "Load \"service\" to Context",
    "start": 1594265777595,
    "end": 1594265777602,
    "duration": 7,
    "pid": 8548,
    "index": 69
  },
  {
    "name": "Load Middleware",
    "start": 1594265777602,
    "end": 1594265777659,
    "duration": 57,
    "pid": 8548,
    "index": 70
  },
  {
    "name": "Load \"middlewares\" to Application",
    "start": 1594265777602,
    "end": 1594265777652,
    "duration": 50,
    "pid": 8548,
    "index": 71
  },
  {
    "name": "Load Controller",
    "start": 1594265777659,
    "end": 1594265777661,
    "duration": 2,
    "pid": 8548,
    "index": 72
  },
  {
    "name": "Load \"controller\" to Application",
    "start": 1594265777659,
    "end": 1594265777661,
    "duration": 2,
    "pid": 8548,
    "index": 73
  },
  {
    "name": "Load Router",
    "start": 1594265777661,
    "end": 1594265777664,
    "duration": 3,
    "pid": 8548,
    "index": 74
  },
  {
    "name": "Require(56) app/router.js",
    "start": 1594265777661,
    "end": 1594265777662,
    "duration": 1,
    "pid": 8548,
    "index": 75
  },
  {
    "name": "Before Start in node_modules/egg-core/lib/egg.js:303:10",
    "start": 1594265777662,
    "end": 1594265777696,
    "duration": 34,
    "pid": 8548,
    "index": 76
  },
  {
    "name": "Load \"model\" to Application",
    "start": 1594265777680,
    "end": 1594265777695,
    "duration": 15,
    "pid": 8548,
    "index": 77
  }
]